{
  "mae": 4.25,
  "mdae": 3.5,
  "rmse": 5.678908345800274,
  "mae_by_bin": {
    "1-3": 5.666666666666667,
    "5-8": 0.0,
    "13-21": null,
    "34+": null
  },
  "n_samples": 4,
  "latency": {
    "p50": 39.11471366882324,
    "p95": 5491.147983074188,
    "p99": 156400.38527488586,
    "mean": 6606.638673941295,
    "min": 33.855438232421875,
    "max": 367415.3609275818
  },
  "parse_failure_rate": 0.9333333333333333,
  "n_predictions": 60
}