{
  "accuracy": 0.7666666666666667,
  "latency": {
    "p50": 418.0772304534912,
    "p95": 450.8105516433716,
    "p99": 472.5747704505919,
    "mean": 422.89677063624066,
    "min": 401.7190933227539,
    "max": 491.91999435424805
  },
  "parse_failure_rate": 0.0,
  "n_predictions": 60
}