{
  "accuracy": 0.5666666666666667,
  "latency": {
    "p50": 200.68109035491943,
    "p95": 207.49454498291013,
    "p99": 233.08901309967032,
    "mean": 202.1096428235372,
    "min": 195.68538665771484,
    "max": 245.77689170837402
  },
  "parse_failure_rate": 0.0,
  "n_predictions": 60
}