{
  "f1_macro": 0.5085064935064935,
  "f1_weighted": 0.5022233766233767,
  "accuracy": 0.56,
  "confusion_matrix": [
    [
      22,
      2,
      0,
      0
    ],
    [
      9,
      14,
      3,
      0
    ],
    [
      0,
      6,
      18,
      0
    ],
    [
      1,
      2,
      21,
      2
    ]
  ],
  "labels": [
    "Critical",
    "Major",
    "Minor",
    "Trivial"
  ],
  "per_class": {
    "Critical": {
      "precision": 0.6875,
      "recall": 0.9166666666666666,
      "f1": 0.7857142857142857
    },
    "Major": {
      "precision": 0.5833333333333334,
      "recall": 0.5384615384615384,
      "f1": 0.56
    },
    "Minor": {
      "precision": 0.42857142857142855,
      "recall": 0.75,
      "f1": 0.5454545454545454
    },
    "Trivial": {
      "precision": 1.0,
      "recall": 0.07692307692307693,
      "f1": 0.14285714285714285
    }
  },
  "n_samples": 100,
  "latency": {
    "p50": 181.7229986190796,
    "p95": 196.67092561721802,
    "p99": 223.66234064102994,
    "mean": 198.53524208068848,
    "min": 162.44864463806152,
    "max": 1812.8783702850342
  },
  "parse_failure_rate": 0.0,
  "n_predictions": 100
}