{
  "mae": 2.2,
  "mdae": 2.5,
  "rmse": 2.756809750418044,
  "mae_by_bin": {
    "1-3": 2.7142857142857144,
    "5-8": 1.0,
    "13-21": null,
    "34+": null
  },
  "n_samples": 10,
  "latency": {
    "p50": 164.45958614349365,
    "p95": 2130.6578755378687,
    "p99": 3351.2669968605046,
    "mean": 522.1236705780029,
    "min": 152.74906158447266,
    "max": 3656.419277191162
  },
  "parse_failure_rate": 0.0,
  "n_predictions": 10
}