{
  "f1_macro": 0.3337941628264209,
  "f1_weighted": 0.3242519201228879,
  "accuracy": 0.42,
  "confusion_matrix": [
    [
      22,
      2,
      0,
      0
    ],
    [
      22,
      4,
      0,
      0
    ],
    [
      1,
      7,
      16,
      0
    ],
    [
      1,
      3,
      22,
      0
    ]
  ],
  "labels": [
    "Critical",
    "Major",
    "Minor",
    "Trivial"
  ],
  "per_class": {
    "Critical": {
      "precision": 0.4782608695652174,
      "recall": 0.9166666666666666,
      "f1": 0.6285714285714286
    },
    "Major": {
      "precision": 0.25,
      "recall": 0.15384615384615385,
      "f1": 0.19047619047619047
    },
    "Minor": {
      "precision": 0.42105263157894735,
      "recall": 0.6666666666666666,
      "f1": 0.5161290322580645
    },
    "Trivial": {
      "precision": 0.0,
      "recall": 0.0,
      "f1": 0.0
    }
  },
  "n_samples": 100,
  "latency": {
    "p50": 393.6959505081177,
    "p95": 424.99908208847046,
    "p99": 654.1529178620452,
    "mean": 603.5987949371338,
    "min": 362.96916007995605,
    "max": 21313.04430961609
  },
  "parse_failure_rate": 0.0,
  "n_predictions": 100
}