{
  "mae": 39.9,
  "mdae": 5.5,
  "rmse": 261.2737389533565,
  "mae_by_bin": {
    "1-3": 60.18421052631579,
    "5-8": 5.35,
    "13-21": 0.0,
    "34+": null
  },
  "n_samples": 60,
  "latency": {
    "p50": 430.3778409957886,
    "p95": 550.9328365325927,
    "p99": 4515.942912101731,
    "mean": 586.4346027374268,
    "min": 373.7947940826416,
    "max": 6966.412305831909
  },
  "parse_failure_rate": 0.0,
  "n_predictions": 60
}