{
  "f1_macro": 0.4099957545167225,
  "f1_weighted": 0.4028661729326855,
  "accuracy": 0.47,
  "confusion_matrix": [
    [
      23,
      1,
      0,
      0
    ],
    [
      17,
      7,
      1,
      1
    ],
    [
      2,
      7,
      15,
      0
    ],
    [
      2,
      2,
      20,
      2
    ]
  ],
  "labels": [
    "Critical",
    "Major",
    "Minor",
    "Trivial"
  ],
  "per_class": {
    "Critical": {
      "precision": 0.5227272727272727,
      "recall": 0.9583333333333334,
      "f1": 0.6764705882352942
    },
    "Major": {
      "precision": 0.4117647058823529,
      "recall": 0.2692307692307692,
      "f1": 0.32558139534883723
    },
    "Minor": {
      "precision": 0.4166666666666667,
      "recall": 0.625,
      "f1": 0.5
    },
    "Trivial": {
      "precision": 0.6666666666666666,
      "recall": 0.07692307692307693,
      "f1": 0.13793103448275862
    }
  },
  "n_samples": 100,
  "latency": {
    "p50": 176.22101306915283,
    "p95": 189.92383480072021,
    "p99": 381.29390954980795,
    "mean": 358.834285736084,
    "min": 155.69734573364258,
    "max": 18721.250534057617
  },
  "parse_failure_rate": 0.0,
  "n_predictions": 100
}