{
  "mae": 5.966666666666667,
  "mdae": 5.0,
  "rmse": 7.837941906733765,
  "mae_by_bin": {
    "1-3": 6.578947368421052,
    "5-8": 5.0,
    "13-21": 4.0,
    "34+": null
  },
  "n_samples": 60,
  "latency": {
    "p50": 194.5056915283203,
    "p95": 285.60693264007546,
    "p99": 5540.134732723236,
    "mean": 377.6571909586589,
    "min": 159.14201736450195,
    "max": 5575.448751449585
  },
  "parse_failure_rate": 0.0,
  "n_predictions": 60
}