{
  "f1_macro": 0.6071428571428572,
  "f1_weighted": 0.6285714285714286,
  "accuracy": 0.7,
  "confusion_matrix": [
    [
      3,
      0,
      0,
      0
    ],
    [
      0,
      2,
      0,
      0
    ],
    [
      1,
      0,
      2,
      0
    ],
    [
      0,
      0,
      2,
      0
    ]
  ],
  "labels": [
    "Critical",
    "Major",
    "Minor",
    "Trivial"
  ],
  "per_class": {
    "Critical": {
      "precision": 0.75,
      "recall": 1.0,
      "f1": 0.8571428571428571
    },
    "Major": {
      "precision": 1.0,
      "recall": 1.0,
      "f1": 1.0
    },
    "Minor": {
      "precision": 0.5,
      "recall": 0.6666666666666666,
      "f1": 0.5714285714285714
    },
    "Trivial": {
      "precision": 0.0,
      "recall": 0.0,
      "f1": 0.0
    }
  },
  "n_samples": 10,
  "latency": {
    "p50": 162.73069381713867,
    "p95": 28801.32776498789,
    "p99": 47544.54213380814,
    "mean": 5368.544101715088,
    "min": 156.22711181640625,
    "max": 52230.34572601318
  },
  "parse_failure_rate": 0.0,
  "n_predictions": 10
}